timestamp,transaction_amount,from_id,to_id,is_fraud,timestamp_minutes
16:38:49,4941.75,2309,5010,0,998.8166666666667
05:56:22,1617.55,5661,8690,0,356.3666666666667
23:57:46,4118.53,4922,7920,0,1437.7666666666667
02:44:22,11965.94,4025,2002,1,164.36666666666667
12:16:20,13491.15,7030,1488,1,736.3333333333334
12:10:23,9638.8,5991,8730,1,730.3833333333333
17:26:16,192.94,2514,8335,0,1046.2666666666667
03:30:12,11112.23,5900,8808,1,210.2
02:51:48,4840.98,4876,3518,0,171.8
01:34:14,3254.92,4680,3337,0,94.23333333333333
23:08:44,3248.93,6896,7856,0,1388.7333333333333
08:44:56,3595.57,7131,4636,0,524.9333333333333
13:14:48,2444.02,2239,4604,0,794.8
04:15:06,2770.8,7234,6097,0,255.1
14:04:09,2484.16,1687,3183,0,844.15
01:17:29,1446.26,6681,8385,0,77.48333333333333
21:56:48,12938.82,7776,6937,1,1316.8
22:56:46,781.45,7190,9971,0,1376.7666666666667
22:05:06,2358.43,4789,3200,0,1325.1
06:36:51,1061.03,1380,1018,0,396.85
13:38:32,85.35,4602,2220,0,818.5333333333333
00:31:50,3508.22,8602,4666,0,31.833333333333332
06:42:22,2534.19,8288,5983,0,402.3666666666667
16:06:50,4846.94,7122,2842,0,966.8333333333334
12:15:31,3740.01,6428,6762,0,735.5166666666667
10:25:25,11112.37,1071,1040,1,625.4166666666666
12:31:14,504.03,5089,9438,0,751.2333333333333
08:19:09,521.38,3224,8552,0,499.15
22:57:54,2716.49,2908,1124,0,1377.9
03:28:21,662.78,1886,8593,0,208.35
23:58:33,2830.78,7851,8561,0,1438.55
23:40:03,203.19,2991,8475,0,1420.05
18:08:25,2339.75,3663,1506,0,1088.4166666666667
17:30:44,12740.86,8335,1364,1,1050.7333333333333
14:32:47,1977.27,2373,9837,0,872.7833333333333
04:20:42,4694.25,6057,1994,0,260.7
04:41:47,9401.06,8960,2349,1,281.78333333333336
10:52:08,421.67,9360,4151,0,652.1333333333333
00:48:12,765.42,3102,6880,0,48.2
18:13:19,1713.58,9836,4617,0,1093.3166666666666
23:20:59,4852.84,1263,5896,0,1400.9833333333333
18:06:02,4290.62,2513,1428,0,1086.0333333333333
04:36:37,9543.96,6477,4470,1,276.6166666666667
09:10:10,1539.38,4007,3583,0,550.1666666666666
08:42:32,3771.86,1314,7565,0,522.5333333333333
01:16:19,10578.03,4439,6951,1,76.31666666666666
11:27:56,3062.36,2300,9100,0,687.9333333333333
09:22:00,13250.94,8967,3339,1,562.0
10:23:40,13456.53,2581,6834,1,623.6666666666666
03:54:37,14026.48,8755,8534,1,234.61666666666667
11:24:37,2863.64,7775,5645,0,684.6166666666667
18:45:21,1444.35,2422,3067,0,1125.35
12:38:36,2961.53,6098,9561,0,758.6
08:14:41,2572.41,9330,8515,0,494.68333333333334
04:26:17,11554.91,4311,3775,1,266.28333333333336
15:34:32,1351.28,8410,1719,0,934.5333333333333
01:43:40,4315.79,6424,7869,0,103.66666666666667
18:42:09,2726.12,8835,6265,0,1122.15
08:21:00,4007.33,3715,5372,0,501.0
15:14:56,4984.28,5093,5158,0,914.9333333333333
15:02:42,11302.72,4841,4198,1,902.7
13:03:19,2061.19,5875,1730,0,783.3166666666667
17:46:17,8637.57,5813,7542,1,1066.2833333333333
04:24:26,4745.9,1998,4195,0,264.43333333333334
07:22:12,2159.59,9094,5932,0,442.2
21:22:09,235.33,6525,5173,0,1282.15
06:35:19,3006.39,4972,4401,0,395.31666666666666
18:11:05,4187.76,8731,9047,0,1091.0833333333333
03:20:18,11413.67,8777,6515,1,200.3
15:00:42,4964.89,3576,8413,0,900.7
20:50:07,3053.3,2030,7241,0,1250.1166666666666
12:57:10,69.03,8543,9895,0,777.1666666666666
11:51:24,6494.75,2537,7819,1,711.4
17:47:47,627.51,7875,3283,0,1067.7833333333333
11:42:28,12117.94,5705,1420,1,702.4666666666667
06:01:25,3928.8,8310,9416,0,361.4166666666667
21:56:02,3985.69,9653,9762,0,1316.0333333333333
20:38:18,1794.56,8410,2525,0,1238.3
12:47:10,1537.96,9803,6804,0,767.1666666666666
05:46:21,5321.18,9789,7291,1,346.35
04:07:51,3836.2,3363,5108,0,247.85
10:53:20,3335.01,8103,9289,0,653.3333333333334
05:30:48,6332.86,3133,2834,1,330.8
00:36:35,3472.01,9421,2440,0,36.583333333333336
00:16:19,4005.66,6153,1885,0,16.316666666666666
04:27:53,2066.25,6887,5760,0,267.8833333333333
03:54:38,14622.88,4092,1321,1,234.63333333333333
01:45:28,2754.97,1064,7607,0,105.46666666666667
01:02:11,4824.15,1381,5818,0,62.18333333333333
13:12:28,2619.54,5011,3021,0,792.4666666666667
22:01:08,3048.18,8856,8506,0,1321.1333333333334
05:42:51,3143.78,5239,1958,0,342.85
06:18:13,1134.97,3564,9636,0,378.21666666666664
20:01:19,652.94,9058,5902,0,1201.3166666666666
13:07:05,6084.91,9218,2881,1,787.0833333333334
07:51:39,203.98,5021,7506,0,471.65
19:05:18,13528.32,3291,2142,1,1145.3
07:24:31,7216.33,2567,8218,1,444.51666666666665
08:42:40,12927.36,1146,5734,1,522.6666666666666
11:44:59,1217.24,7954,1398,0,704.9833333333333
17:33:47,1996.14,8537,2172,0,1053.7833333333333
03:57:02,2505.51,8966,5905,0,237.03333333333333
14:17:05,1046.35,3547,5195,0,857.0833333333334
09:54:59,1358.2,5426,5331,0,594.9833333333333
08:43:01,1019.98,6881,8612,0,523.0166666666667
23:30:14,308.15,2578,2764,0,1410.2333333333333
09:40:10,10792.5,3325,5617,1,580.1666666666666
04:43:51,2893.55,7877,7920,0,283.85
07:38:32,4498.18,4624,9665,0,458.53333333333336
21:25:42,481.54,1693,9292,0,1285.7
07:39:48,1402.32,5578,5497,0,459.8
12:31:34,605.8,7987,3999,0,751.5666666666667
13:32:32,8055.71,3089,4063,1,812.5333333333333
17:52:46,4439.08,5538,4230,0,1072.7666666666667
20:32:31,4614.91,1717,8486,0,1232.5166666666667
16:38:03,1258.18,5502,6606,0,998.05
14:55:41,2034.75,8050,6517,0,895.6833333333333
13:48:19,3671.63,7976,1171,0,828.3166666666667
08:07:27,1292.0,8203,3160,0,487.45
09:46:13,1998.55,5329,8163,0,586.2166666666667
10:51:08,367.11,8701,2765,0,651.1333333333333
15:03:41,937.64,3040,7052,0,903.6833333333333
11:37:06,4390.5,8090,9006,0,697.1
02:37:45,233.14,5187,5354,0,157.75
03:32:21,1885.87,2089,5372,0,212.35
19:45:20,2787.7,2116,1596,0,1185.3333333333333
09:31:04,10413.53,3307,8145,1,571.0666666666667
03:08:52,961.87,5524,4453,0,188.86666666666667
23:28:44,14400.42,4815,9422,1,1408.7333333333333
13:01:04,4757.77,5090,2238,0,781.0666666666667
06:50:57,800.64,3658,7707,0,410.95
20:55:16,35.11,8352,2391,0,1255.2666666666667
00:38:30,4496.41,4123,1989,0,38.5
01:19:48,5648.54,4661,4774,1,79.8
10:38:37,5821.04,5241,9789,1,638.6166666666667
21:19:11,4229.19,4109,2872,0,1279.1833333333334
16:03:34,3742.47,2362,8769,0,963.5666666666667
14:35:47,867.66,6110,9036,0,875.7833333333333
01:01:52,14873.78,9339,6534,1,61.86666666666667
20:27:32,2279.06,1933,3989,0,1227.5333333333333
17:16:00,2241.66,7607,4179,0,1036.0
10:06:14,3887.65,9741,9645,0,606.2333333333333
00:37:12,4959.51,9955,4362,0,37.2
14:10:47,13029.36,8614,9242,1,850.7833333333333
04:04:57,1011.75,5581,1259,0,244.95
09:12:14,101.7,1033,2568,0,552.2333333333333
22:17:04,4383.71,7844,9820,0,1337.0666666666666
10:44:33,1614.36,6494,7367,0,644.55
00:00:58,2368.87,7284,8300,0,0.9666666666666667
01:01:20,6487.84,1866,8555,1,61.333333333333336
00:00:30,3639.08,4362,4615,0,0.5
08:15:36,10039.75,8978,9261,1,495.6
04:43:00,4161.86,8896,4540,0,283.0
12:29:43,3061.11,3354,2701,0,749.7166666666667
12:18:48,12080.45,9573,8898,1,738.8
20:02:35,14818.41,9096,2661,1,1202.5833333333333
01:15:27,8385.81,2397,9021,1,75.45
01:34:54,329.06,6389,8029,0,94.9
22:04:51,2054.49,6679,5002,0,1324.85
08:32:16,414.83,7535,7129,0,512.2666666666667
11:07:08,3514.49,5860,8564,0,667.1333333333333
18:33:52,843.94,3854,1563,0,1113.8666666666666
21:47:27,747.31,1009,8970,0,1307.45
03:32:15,3132.29,6192,5376,0,212.25
12:32:39,2736.29,8259,8294,0,752.65
03:47:22,3414.99,7033,6958,0,227.36666666666667
07:51:02,2328.29,7567,2417,0,471.03333333333336
21:30:25,3767.07,7787,8708,0,1290.4166666666667
13:13:33,1474.9,1636,1479,0,793.55
18:22:36,10573.18,7738,7135,1,1102.6
16:16:07,13650.85,4410,3615,1,976.1166666666667
15:50:20,8176.08,7431,5751,1,950.3333333333334
11:23:31,2540.19,7817,2574,0,683.5166666666667
09:17:58,1642.32,7002,3958,0,557.9666666666667
10:04:00,1725.33,7839,7160,0,604.0
07:41:06,10170.12,8700,9670,1,461.1
16:12:58,185.01,5520,5782,0,972.9666666666667
11:07:32,2156.74,8437,1165,0,667.5333333333333
15:48:52,4400.24,8943,4293,0,948.8666666666667
14:28:56,12413.22,8981,3370,1,868.9333333333333
06:47:02,4632.62,6967,7491,0,407.03333333333336
02:13:44,5484.46,5964,5602,1,133.73333333333332
19:24:52,4749.9,3642,2727,0,1164.8666666666666
18:22:27,4464.94,7223,1352,0,1102.45
17:17:51,518.2,2222,4664,0,1037.85
16:13:28,1971.38,4145,6367,0,973.4666666666667
14:03:42,1772.88,3913,7361,0,843.7
00:18:02,2841.91,1958,2772,0,18.033333333333335
08:58:21,11.22,2900,3044,0,538.35
14:11:40,2636.25,3063,7823,0,851.6666666666666
22:38:19,4053.08,1109,8167,0,1358.3166666666666
22:57:39,11165.08,2575,6999,1,1377.65
18:13:02,3635.31,2241,7732,0,1093.0333333333333
09:13:58,255.38,9536,7770,0,553.9666666666667
03:01:51,3873.05,6333,3159,0,181.85
00:37:39,4631.18,6964,4543,0,37.65
23:50:15,2396.89,3021,7088,0,1430.25
03:42:41,3285.91,4947,1894,0,222.68333333333334
09:59:58,1267.09,8392,5648,0,599.9666666666667
11:31:38,12624.82,8579,2928,1,691.6333333333333
01:41:45,3411.17,6616,2710,0,101.75
14:10:31,10341.89,9768,2055,1,850.5166666666667
12:30:08,1613.45,7262,3796,0,750.1333333333333
07:22:09,4427.54,8661,1350,0,442.15
17:12:34,5061.62,4555,2630,1,1032.5666666666666
20:40:02,9273.66,5949,2596,1,1240.0333333333333
01:20:57,1038.41,6436,9264,0,80.95
03:29:25,2247.58,1052,9084,0,209.41666666666666
08:36:55,3269.9,1301,8521,0,516.9166666666666
14:07:22,3887.23,2527,4384,0,847.3666666666667
22:26:06,1208.32,8686,9172,0,1346.1
08:06:27,1563.23,9666,3221,0,486.45
07:42:17,4439.04,9494,2768,0,462.28333333333336
21:19:44,1904.84,7594,3170,0,1279.7333333333333
11:02:40,1656.94,8854,9291,0,662.6666666666666
06:31:27,1074.57,8538,7537,0,391.45
13:06:54,3144.46,9220,8032,0,786.9
07:53:36,4555.63,6208,8659,0,473.6
01:27:54,4325.96,3562,3682,0,87.9
19:23:58,2738.78,6790,1128,0,1163.9666666666667
18:45:06,3536.72,4729,8464,0,1125.1
16:24:35,64.1,4081,9071,0,984.5833333333334
23:11:26,2778.15,9852,1179,0,1391.4333333333334
10:14:10,10.45,1220,5294,0,614.1666666666666
10:02:26,9440.15,8237,1774,1,602.4333333333333
17:44:04,12197.49,4633,8469,1,1064.0666666666666
21:56:36,2437.97,6750,6773,0,1316.6
12:00:48,2912.5,7737,9082,0,720.8
01:43:47,4767.24,5720,3065,0,103.78333333333333
02:11:35,3842.24,4148,4844,0,131.58333333333334
16:37:41,3520.44,3186,9795,0,997.6833333333333
10:55:23,11806.64,6889,1787,1,655.3833333333333
10:40:44,3177.17,2222,4945,0,640.7333333333333
16:10:15,4405.99,3685,1917,0,970.25
22:04:11,3744.84,7362,8802,0,1324.1833333333334
06:11:45,3203.59,2616,2695,0,371.75
07:46:28,11520.84,4296,7659,1,466.46666666666664
02:26:41,2732.17,4844,4329,0,146.68333333333334
05:49:21,4419.66,1701,7040,0,349.35
21:01:25,1306.14,8968,3382,0,1261.4166666666667
21:57:15,568.87,7461,8275,0,1317.25
13:35:45,10193.19,8974,9892,1,815.75
04:17:50,7231.56,6808,4557,1,257.8333333333333
08:20:44,3701.84,3065,1345,0,500.73333333333335
00:53:47,8726.24,6562,1945,1,53.78333333333333
10:30:14,4100.64,5189,8023,0,630.2333333333333
22:52:25,3660.29,3141,3696,0,1372.4166666666667
03:52:14,4952.52,8471,9777,0,232.23333333333332
14:58:10,444.56,4171,2145,0,898.1666666666666
16:05:34,677.06,4785,4191,0,965.5666666666667
22:21:03,8781.61,2071,8602,1,1341.05
05:51:35,1705.2,7403,4311,0,351.5833333333333
15:05:28,2809.7,4888,2461,0,905.4666666666667
23:35:08,959.67,8330,8750,0,1415.1333333333334
18:53:40,4073.51,5095,3858,0,1133.6666666666667
23:47:27,4384.8,8416,5705,0,1427.45
09:21:07,740.8,3727,5721,0,561.1166666666667
14:12:44,4793.58,2423,2670,0,852.7333333333333
08:15:11,8631.3,1683,4576,1,495.18333333333334
15:13:21,10572.66,4172,1269,1,913.35
03:27:30,2514.6,4741,4127,0,207.5
01:04:48,5466.93,4587,2890,1,64.8
15:30:23,4022.93,2391,5689,0,930.3833333333333
17:39:59,819.02,5486,7603,0,1059.9833333333333
20:13:30,659.89,7698,7550,0,1213.5
10:34:30,950.29,8868,6756,0,634.5
00:31:41,281.84,8892,4220,0,31.683333333333334
06:29:31,716.19,9166,2052,0,389.51666666666665
09:46:50,2066.37,1274,6295,0,586.8333333333334
22:33:00,14875.0,6119,6017,1,1353.0
14:07:15,3089.37,8688,9901,0,847.25
16:42:59,7312.88,2678,9007,1,1002.9833333333333
04:57:26,6110.49,2677,9879,1,297.43333333333334
21:52:32,2048.22,4588,3082,0,1312.5333333333333
10:52:01,1559.8,1145,5356,0,652.0166666666667
01:08:37,3075.19,9662,9983,0,68.61666666666666
15:52:37,217.43,4444,1067,0,952.6166666666667
06:41:14,2559.57,7444,6565,0,401.23333333333335
02:39:51,4599.3,8290,1538,0,159.85
04:16:46,6686.22,3940,8226,1,256.76666666666665
01:58:04,4949.64,1976,5372,0,118.06666666666666
05:54:27,13006.62,9270,9667,1,354.45
17:29:44,1899.91,9789,9096,0,1049.7333333333333
22:09:58,1902.49,1579,6222,0,1329.9666666666667
11:37:27,4232.97,7080,8941,0,697.45
14:11:18,6141.17,1061,4618,1,851.3
22:44:18,3227.81,3282,6358,0,1364.3
13:16:34,229.38,9413,3149,0,796.5666666666667
13:54:13,4079.74,4539,3562,0,834.2166666666667
10:33:42,1015.8,3358,3037,0,633.7
02:07:15,818.75,6896,7042,0,127.25
02:58:45,8423.52,1516,9585,1,178.75
04:42:38,4294.68,8591,9126,0,282.6333333333333
04:45:00,615.16,8483,3474,0,285.0
00:19:35,3758.65,6614,9343,0,19.583333333333332
23:50:02,4460.18,6553,6594,0,1430.0333333333333
09:43:23,2736.81,4719,1964,0,583.3833333333333
20:04:54,12658.45,8824,9069,1,1204.9
22:32:09,1240.55,5571,2337,0,1352.15
08:27:21,3046.77,1906,1768,0,507.35
15:08:06,10290.69,7395,6080,1,908.1
01:00:11,294.43,4554,7839,0,60.18333333333333
02:37:19,3709.39,7976,4394,0,157.31666666666666
14:27:49,4728.14,7217,2171,0,867.8166666666667
06:50:16,8445.64,6113,2215,1,410.26666666666665
10:27:05,1242.22,9622,2011,0,627.0833333333334
00:28:47,3277.5,3812,8126,0,28.783333333333335
00:33:46,4635.95,3700,9282,0,33.766666666666666
19:47:32,2488.4,9252,8085,0,1187.5333333333333
11:46:13,2522.27,8968,7246,0,706.2166666666667
18:51:28,3169.18,9994,6522,0,1131.4666666666667
14:52:06,4415.63,2763,6985,0,892.1
03:11:10,876.23,1963,5542,0,191.16666666666666
17:47:40,1247.91,7889,4601,0,1067.6666666666667
11:24:57,13756.29,3444,2711,1,684.95
12:15:50,14832.31,6797,7869,1,735.8333333333334
16:23:14,2873.38,5170,1712,0,983.2333333333333
10:04:53,12635.73,7518,5445,1,604.8833333333333
18:53:15,1937.67,8694,1964,0,1133.25
10:31:19,5596.9,7196,8242,1,631.3166666666667
14:37:29,1378.01,1011,4113,0,877.4833333333333
13:23:57,10842.53,7041,2979,1,803.95
09:36:53,6130.15,9894,2088,1,576.8833333333333
11:16:08,11799.03,1918,5872,1,676.1333333333333
12:09:19,4163.05,8073,7044,0,729.3166666666667
05:20:53,1271.44,6387,9042,0,320.8833333333333
06:08:06,6424.7,3207,3077,1,368.1
08:30:10,14024.58,9035,8756,1,510.1666666666667
09:02:38,147.64,6060,1892,0,542.6333333333333
19:11:35,1255.02,2132,2339,0,1151.5833333333333
15:32:51,3888.21,7581,1918,0,932.85
00:23:42,39.03,8882,7049,0,23.7
22:49:23,4323.26,2477,1812,0,1369.3833333333334
15:29:48,3123.71,1335,5888,0,929.8
08:52:39,4349.66,8642,1709,0,532.65
18:44:54,634.59,7320,4502,0,1124.9
09:41:50,1439.97,8507,1878,0,581.8333333333334
21:25:53,6812.85,4983,5324,1,1285.8833333333334
08:36:26,13567.75,8573,6653,1,516.4333333333333
22:28:10,1506.75,4997,5904,0,1348.1666666666667
08:55:59,434.03,2056,1700,0,535.9833333333333
02:04:56,852.25,7847,4124,0,124.93333333333334
19:04:03,1262.22,7048,7476,0,1144.05
01:33:51,4593.74,8277,7090,0,93.85
13:09:12,4673.58,7707,7943,0,789.2
00:03:07,13947.49,6610,3243,1,3.1166666666666667
16:09:55,2911.91,5371,4243,0,969.9166666666666
02:10:27,777.66,5790,9299,0,130.45
00:26:40,3740.4,6948,6121,0,26.666666666666668
17:04:02,926.1,4682,5275,0,1024.0333333333333
04:24:44,6042.29,2271,5674,1,264.73333333333335
16:41:16,3133.12,7203,3784,0,1001.2666666666667
09:39:18,188.3,7897,2755,0,579.3
10:42:05,731.61,5586,4379,0,642.0833333333334
00:51:53,26.13,6110,7982,0,51.88333333333333
16:04:27,14508.28,7763,1483,1,964.45
11:10:51,1710.82,4993,2305,0,670.85
04:45:04,775.45,3551,2095,0,285.06666666666666
02:08:21,9570.58,4926,6360,1,128.35
01:19:07,3634.74,6897,3427,0,79.11666666666666
13:01:29,1291.71,2113,1711,0,781.4833333333333
02:43:45,2901.97,4554,2367,0,163.75
20:33:23,5534.26,1725,7911,1,1233.3833333333334
16:33:32,1237.82,1662,3062,0,993.5333333333333
02:12:41,2664.11,1254,4888,0,132.68333333333334
04:04:51,1979.2,4845,8151,0,244.85
17:08:03,2247.3,4308,8449,0,1028.05
16:59:04,3603.76,2161,4166,0,1019.0666666666667
12:19:55,4692.55,8426,6062,0,739.9166666666666
04:00:13,202.82,2160,6754,0,240.21666666666667
09:13:42,320.59,5366,2028,0,553.7
20:34:11,1446.71,3892,6801,0,1234.1833333333334
12:41:43,2364.53,6015,8668,0,761.7166666666667
08:04:56,6922.9,6116,5017,1,484.93333333333334
15:18:21,7923.7,5352,9061,1,918.35
09:20:55,4325.24,8340,6272,0,560.9166666666666
07:34:22,2220.35,8517,1430,0,454.3666666666667
09:33:08,1088.94,8841,2628,0,573.1333333333333
12:29:17,4380.59,3098,2591,0,749.2833333333333
20:06:44,7195.49,8587,8399,1,1206.7333333333333
22:06:51,2963.3,2467,3236,0,1326.85
11:00:43,3694.75,1359,2140,0,660.7166666666667
11:17:23,1740.88,5631,2792,0,677.3833333333333
22:01:35,2709.71,3980,2325,0,1321.5833333333333
14:47:06,9956.26,3923,5861,1,887.1
12:28:51,4880.57,9751,1711,0,748.85
12:30:22,1361.9,5595,5109,0,750.3666666666667
16:54:43,10413.03,1258,2428,1,1014.7166666666667
04:10:52,2897.21,2620,1441,0,250.86666666666667
16:18:17,5598.23,8509,5311,1,978.2833333333333
03:49:07,1501.18,1327,3474,0,229.11666666666667
06:45:23,3017.06,9927,8871,0,405.3833333333333
12:00:06,14065.98,7754,2130,1,720.1
13:34:24,3781.06,9900,6370,0,814.4
15:55:13,1492.93,4884,5608,0,955.2166666666667
04:57:30,2972.12,7219,6213,0,297.5
00:46:29,4111.16,3285,6825,0,46.483333333333334
20:26:47,1273.57,7682,3763,0,1226.7833333333333
21:30:04,4837.77,2664,6465,0,1290.0666666666666
03:26:06,2629.47,2253,5687,0,206.1
00:18:46,6899.82,4872,9056,1,18.766666666666666
19:45:52,4036.74,2366,1410,0,1185.8666666666666
12:23:26,2278.5,7885,6741,0,743.4333333333333
12:30:54,3687.15,2948,1537,0,750.9
22:42:47,6680.77,5642,4007,1,1362.7833333333333
13:31:57,2371.27,7117,3976,0,811.95
11:07:26,8169.52,6037,7688,1,667.4333333333333
06:48:34,2424.56,6556,3731,0,408.56666666666666
00:03:17,2243.55,7262,7446,0,3.283333333333333
15:03:41,3129.42,5933,1613,0,903.6833333333333
04:43:27,265.73,8349,6418,0,283.45
06:44:59,4564.99,1009,8203,0,404.98333333333335
00:31:43,279.17,2436,3662,0,31.716666666666665
21:23:07,1135.28,3160,3156,0,1283.1166666666666
10:03:34,2615.37,2325,6535,0,603.5666666666667
04:34:10,3788.13,6178,1273,0,274.1666666666667
22:58:11,4090.55,2027,4516,0,1378.1833333333334
12:58:08,3841.64,4801,3097,0,778.1333333333333
18:22:36,8197.74,9453,7724,1,1102.6
11:06:28,2584.94,3811,6092,0,666.4666666666667
00:56:34,4889.71,8137,2297,0,56.56666666666667
14:25:36,2918.81,4284,5147,0,865.6
13:34:24,4026.07,5002,3466,0,814.4
07:10:53,6378.82,2452,3644,1,430.8833333333333
19:48:35,228.49,1392,3252,0,1188.5833333333333
10:18:30,7939.73,5465,4456,1,618.5
06:48:28,7305.47,8561,4553,1,408.46666666666664
10:51:10,305.47,8666,4286,0,651.1666666666666
03:25:41,9468.52,6183,7086,1,205.68333333333334
17:34:41,4820.93,1690,8552,0,1054.6833333333334
09:40:26,4447.75,2005,5039,0,580.4333333333333
12:20:37,3675.56,4916,6305,0,740.6166666666667
18:22:39,4467.75,8591,8035,0,1102.65
12:02:24,3954.59,2926,7928,0,722.4
01:08:05,3031.23,3401,5068,0,68.08333333333333
08:38:27,4716.24,2591,4868,0,518.45
19:55:22,12096.26,1754,2550,1,1195.3666666666666
03:29:34,3895.16,2578,6003,0,209.56666666666666
22:35:02,3771.01,6025,2136,0,1355.0333333333333
08:01:34,4252.41,9105,1878,0,481.56666666666666
04:53:36,3544.01,7060,3603,0,293.6
21:20:16,2775.32,8335,2505,0,1280.2666666666667
17:29:08,2945.99,7569,6215,0,1049.1333333333334
07:59:21,3115.2,7118,4016,0,479.35
02:13:29,345.92,9453,4456,0,133.48333333333332
02:47:53,10188.35,1716,1623,1,167.88333333333333
14:43:53,1903.89,4860,5713,0,883.8833333333333
06:31:19,3096.14,9613,9303,0,391.31666666666666
01:19:07,3084.33,1907,4399,0,79.11666666666666
15:22:49,4456.74,7214,4962,0,922.8166666666667
03:14:51,3132.37,4282,1135,0,194.85
02:50:10,803.04,9480,9240,0,170.16666666666666
23:28:42,1955.27,7492,3438,0,1408.7
07:53:43,4158.14,2685,6668,0,473.71666666666664
08:43:50,3614.0,2094,5081,0,523.8333333333334
14:46:24,4597.05,5618,9399,0,886.4
04:32:14,1102.56,6021,4041,0,272.23333333333335
06:55:25,1087.39,8440,5454,0,415.4166666666667
17:00:12,2844.3,7173,7703,0,1020.2
22:20:22,2430.19,3182,2684,0,1340.3666666666666
18:28:34,1208.02,9123,2279,0,1108.5666666666666
20:00:55,4884.56,7334,9038,0,1200.9166666666667
23:07:23,3850.14,5473,3743,0,1387.3833333333334
15:22:50,4536.51,7339,4521,0,922.8333333333334
08:49:12,3166.15,2975,1394,0,529.2
09:22:45,2427.3,2028,5501,0,562.75
20:48:16,13084.8,6466,6667,1,1248.2666666666667
03:37:33,706.71,7371,3116,0,217.55
15:10:10,194.73,7343,3284,0,910.1666666666666
15:48:58,3334.06,1958,3664,0,948.9666666666667
05:53:15,83.08,5935,4204,0,353.25
08:04:46,3514.42,8228,3772,0,484.76666666666665
08:07:44,2364.2,3989,5597,0,487.73333333333335
18:54:54,4415.22,2472,4272,0,1134.9
05:14:55,1463.37,4208,5574,0,314.9166666666667
05:57:10,4675.54,2410,7721,0,357.1666666666667
04:03:53,4813.99,3769,4009,0,243.88333333333333
13:21:57,43.33,1124,3494,0,801.95
21:48:39,964.55,9948,6754,0,1308.65
18:46:03,3934.71,5615,5738,0,1126.05
07:26:53,11546.98,5810,4377,1,446.8833333333333
18:40:00,3882.68,7980,9922,0,1120.0
03:43:00,733.3,8660,8101,0,223.0
10:09:23,3599.5,3477,2293,0,609.3833333333333
17:10:02,4572.78,2713,8562,0,1030.0333333333333
04:35:57,4104.67,7969,1140,0,275.95
16:07:50,13108.32,6531,9944,1,967.8333333333334
23:59:35,3649.93,9671,1078,0,1439.5833333333333
23:30:59,10644.28,7848,1032,1,1410.9833333333333
21:03:13,2831.35,2089,1615,0,1263.2166666666667
06:54:09,7925.15,8996,7120,1,414.15
12:43:02,3287.49,3880,4208,0,763.0333333333333
20:14:06,12717.47,5660,9974,1,1214.1
17:00:07,3583.49,4348,8175,0,1020.1166666666667
16:50:44,3090.32,3880,4659,0,1010.7333333333333
14:11:00,3207.27,4521,8913,0,851.0
01:08:06,2379.6,7540,9929,0,68.1
18:04:12,3142.83,9526,9553,0,1084.2
00:49:13,4275.89,6181,2030,0,49.21666666666667
12:06:54,3962.81,3437,7097,0,726.9
01:26:35,1066.01,8306,6655,0,86.58333333333333
11:14:01,2357.21,3639,3195,0,674.0166666666667
00:04:13,7278.26,1869,3544,1,4.216666666666667
20:51:26,4123.38,1916,3533,0,1251.4333333333334
18:19:35,4623.3,4954,6062,0,1099.5833333333333
08:45:42,380.32,6817,9529,0,525.7
08:14:27,3739.68,6031,1012,0,494.45
14:12:03,286.59,9899,2869,0,852.05
15:34:25,2340.6,3340,6062,0,934.4166666666666
21:46:45,3414.42,5194,5615,0,1306.75
05:12:54,1284.67,3148,7202,0,312.9
02:25:25,14460.44,2129,7913,1,145.41666666666666
08:34:13,3754.58,6132,7039,0,514.2166666666667
21:17:49,1521.24,7761,2358,0,1277.8166666666666
12:57:46,1588.19,1855,2779,0,777.7666666666667
23:51:58,11242.5,5442,4824,1,1431.9666666666667
03:40:06,1101.34,9371,7168,0,220.1
09:27:48,2275.03,8751,1197,0,567.8
22:21:19,4745.76,8458,5242,0,1341.3166666666666
06:46:40,4544.18,3293,3187,0,406.6666666666667
21:39:00,12974.31,1361,5973,1,1299.0
15:33:18,2404.61,6562,7179,0,933.3
09:42:04,3179.18,4241,8305,0,582.0666666666667
19:57:09,3282.04,6523,9447,0,1197.15
00:28:40,1267.78,6529,7752,0,28.666666666666668
06:12:24,927.36,3739,2675,0,372.4
23:30:34,1661.23,6563,2103,0,1410.5666666666666
18:41:00,2890.48,6881,5962,0,1121.0
18:22:34,2144.8,7243,7398,0,1102.5666666666666
09:15:55,2832.32,7726,2625,0,555.9166666666666
09:21:01,1282.65,5285,9671,0,561.0166666666667
15:53:12,11777.98,7364,9695,1,953.2
13:28:32,978.73,2701,2504,0,808.5333333333333
16:36:14,5777.1,8314,2413,1,996.2333333333333
04:40:05,2478.65,7011,5306,0,280.0833333333333
14:05:39,4533.56,3266,6934,0,845.65
17:35:08,1487.34,9230,5905,0,1055.1333333333334
02:02:55,9124.54,4233,1724,1,122.91666666666667
14:03:49,2785.43,5795,9531,0,843.8166666666667
09:11:56,1962.05,7544,3486,0,551.9333333333333
07:29:40,4470.91,4454,2825,0,449.6666666666667
23:35:09,2533.15,9618,9563,0,1415.15
13:41:58,1064.35,3549,1017,0,821.9666666666667
16:38:24,1681.5,9366,9684,0,998.4
02:21:23,1623.09,3644,8684,0,141.38333333333333
04:04:00,9453.74,6425,6282,1,244.0
03:02:29,2068.36,4142,2245,0,182.48333333333332
02:41:10,1989.75,6369,9775,0,161.16666666666666
18:08:57,12092.12,6699,3638,1,1088.95
19:32:20,1063.05,4443,1876,0,1172.3333333333333
04:31:24,1879.26,8011,8972,0,271.4
06:20:53,3523.51,9570,5236,0,380.8833333333333
06:36:37,1697.38,8328,2488,0,396.6166666666667
13:55:17,1466.12,2280,1718,0,835.2833333333333
22:02:45,492.58,1819,6889,0,1322.75
20:05:40,10262.62,9588,6232,1,1205.6666666666667
03:50:03,4030.82,7876,4257,0,230.05
14:49:28,6655.36,8784,2633,1,889.4666666666667
11:49:51,249.29,2405,6549,0,709.85
00:07:02,2557.25,4767,2391,0,7.033333333333333
18:30:04,433.57,5053,7132,0,1110.0666666666666
19:37:49,11642.25,7730,3099,1,1177.8166666666666
18:47:54,14700.65,5696,5961,1,1127.9
12:12:53,1235.48,5780,3383,0,732.8833333333333
22:41:23,2052.2,1818,5085,0,1361.3833333333334
09:49:17,56.61,6171,6779,0,589.2833333333333
22:27:20,1058.39,6589,5117,0,1347.3333333333333
01:35:33,3091.87,2171,8927,0,95.55
08:36:08,2160.35,8226,2808,0,516.1333333333333
13:00:06,720.49,3968,3299,0,780.1
01:07:49,5818.0,6561,2680,1,67.81666666666666
16:36:32,12415.61,9465,5379,1,996.5333333333333
12:30:55,2321.68,8170,8459,0,750.9166666666666
16:11:50,732.61,8875,9443,0,971.8333333333334
09:52:37,3034.85,7925,7656,0,592.6166666666667
03:09:57,294.38,8542,1348,0,189.95
03:31:54,12822.18,4591,8923,1,211.9
20:09:14,914.44,7580,1658,0,1209.2333333333333
08:41:57,4973.95,8252,8958,0,521.95
23:21:13,1705.56,4930,5452,0,1401.2166666666667
17:53:20,1202.44,8392,7226,0,1073.3333333333333
10:56:38,4276.48,4498,9076,0,656.6333333333333
05:50:32,2397.6,6980,4136,0,350.53333333333336
13:09:41,1520.32,1338,9819,0,789.6833333333333
16:30:17,460.04,9482,2846,0,990.2833333333333
05:38:17,14119.32,4936,2400,1,338.28333333333336
03:44:11,4316.25,9382,2386,0,224.18333333333334
16:41:56,42.12,1813,2993,0,1001.9333333333333
23:15:53,4802.42,9291,5843,0,1395.8833333333334
14:32:32,2663.91,7700,1134,0,872.5333333333333
07:07:21,3924.01,5154,8269,0,427.35
17:04:30,1174.93,1537,5855,0,1024.5
04:34:42,3193.29,9050,1288,0,274.7
19:37:11,2535.4,2803,8612,0,1177.1833333333334
05:29:43,5793.3,1156,8728,1,329.71666666666664
15:13:56,4730.03,8077,6084,0,913.9333333333333
04:48:24,417.89,9609,3842,0,288.4
15:03:54,4195.7,9109,4465,0,903.9
05:54:08,3771.21,2082,4406,0,354.1333333333333
18:31:38,1984.3,6667,7743,0,1111.6333333333334
04:47:45,3892.68,3897,1437,0,287.75
04:13:09,67.97,1789,5100,0,253.15
05:56:53,1285.46,4013,6173,0,356.8833333333333
08:31:49,4407.74,1044,1653,0,511.81666666666666
03:17:02,4374.76,6209,7121,0,197.03333333333333
12:30:01,4697.44,8535,3924,0,750.0166666666667
21:29:07,4336.96,2448,2905,0,1289.1166666666666
02:46:03,4831.62,8388,3036,0,166.05
16:01:11,5330.68,9265,2414,1,961.1833333333333
20:36:59,4859.4,3612,8942,0,1236.9833333333333
18:30:32,1106.16,8110,2137,0,1110.5333333333333
23:35:58,13719.38,9495,7759,1,1415.9666666666667
17:50:15,10911.86,1136,6151,1,1070.25
17:06:54,3638.37,3044,4266,0,1026.9
09:17:53,4534.8,3500,3296,0,557.8833333333333
10:13:47,432.46,5901,1760,0,613.7833333333333
06:48:44,4461.91,9247,9809,0,408.73333333333335
06:35:21,2396.23,9625,2541,0,395.35
03:26:23,14541.2,1848,7961,1,206.38333333333333
15:41:25,815.31,6187,4984,0,941.4166666666666
03:18:53,4861.64,4095,4206,0,198.88333333333333
14:38:25,3695.73,3367,6424,0,878.4166666666666
17:52:19,2039.56,8657,8624,0,1072.3166666666666
00:01:47,1807.91,1400,6600,0,1.7833333333333332
11:52:36,2699.57,5635,1018,0,712.6
11:40:23,3480.92,9237,1389,0,700.3833333333333
07:02:09,1303.53,3458,3043,0,422.15
15:28:21,5445.76,5739,4335,1,928.35
17:08:04,12831.15,2817,3580,1,1028.0666666666666
17:41:10,3256.28,5913,6137,0,1061.1666666666667
14:13:22,7481.75,6814,7849,1,853.3666666666667
17:20:35,1871.24,2308,5875,0,1040.5833333333333
17:06:45,2595.91,7171,8981,0,1026.75
10:04:32,9800.34,6899,6299,1,604.5333333333333
13:39:27,2742.3,9118,1300,0,819.45
04:57:24,2982.01,7245,3056,0,297.4
14:11:20,2487.35,5146,5049,0,851.3333333333334
19:28:12,1241.34,9283,6605,0,1168.2
06:00:06,4540.65,9720,8976,0,360.1
06:15:29,6211.53,5941,7184,1,375.48333333333335
13:01:54,1461.49,8472,5137,0,781.9
03:41:06,746.6,4267,9163,0,221.1
12:06:04,3330.37,7819,1490,0,726.0666666666667
14:39:29,353.46,6867,1900,0,879.4833333333333
07:55:30,11157.37,1295,4774,1,475.5
11:44:01,4245.6,2829,2964,0,704.0166666666667
12:02:41,1118.75,8136,1685,0,722.6833333333333
12:34:07,1376.93,3882,8159,0,754.1166666666667
18:37:52,29.86,3809,8263,0,1117.8666666666666
19:50:37,89.01,7346,1262,0,1190.6166666666666
13:12:57,927.86,9032,2039,0,792.95
05:51:22,722.3,6601,9085,0,351.3666666666667
19:03:34,1892.48,1615,7136,0,1143.5666666666666
22:22:57,4683.46,6838,4287,0,1342.95
23:05:58,2600.21,3590,3581,0,1385.9666666666667
16:20:23,2248.89,1850,8051,0,980.3833333333333
22:57:27,3353.66,4890,8041,0,1377.45
02:12:39,625.14,1621,4118,0,132.65
01:01:00,12482.32,2791,1511,1,61.0
11:36:32,2249.36,3472,9017,0,696.5333333333333
22:38:00,2960.04,7843,8840,0,1358.0
21:44:41,8122.34,3532,4100,1,1304.6833333333334
21:04:21,794.01,1723,2673,0,1264.35
13:32:11,3526.8,4229,3012,0,812.1833333333333
00:24:13,795.75,1122,4724,0,24.216666666666665
17:08:32,4282.68,5873,4635,0,1028.5333333333333
22:28:46,4352.36,3255,7766,0,1348.7666666666667
05:49:45,14765.37,3480,7782,1,349.75
15:18:11,2259.97,5197,6763,0,918.1833333333333
02:10:37,13837.96,1672,1115,1,130.61666666666667
22:50:34,954.32,4938,5851,0,1370.5666666666666
13:02:18,857.2,7049,6098,0,782.3
11:51:57,686.34,4046,5591,0,711.95
13:43:08,2791.31,4786,1277,0,823.1333333333333
14:26:16,14117.89,3464,4040,1,866.2666666666667
18:05:28,1175.89,6313,6864,0,1085.4666666666667
03:14:23,4451.24,5660,8611,0,194.38333333333333
18:43:41,4564.56,4636,7427,0,1123.6833333333334
23:18:22,1610.81,7071,6564,0,1398.3666666666666
01:52:50,2174.69,9417,4548,0,112.83333333333333
19:42:33,13893.51,9404,2107,1,1182.55
05:21:58,4637.32,6866,2378,0,321.96666666666664
22:49:56,4013.55,1004,8098,0,1369.9333333333334
06:52:49,1419.86,4727,4798,0,412.81666666666666
10:34:10,294.35,7982,7134,0,634.1666666666666
09:58:27,2082.21,1141,7298,0,598.45
11:20:15,1433.1,2447,5392,0,680.25
09:04:43,10890.58,2391,7062,1,544.7166666666667
15:22:17,77.42,5417,3144,0,922.2833333333333
10:08:28,2885.18,5442,4253,0,608.4666666666667
10:59:03,2872.25,9767,3940,0,659.05
20:21:10,4711.65,9236,5773,0,1221.1666666666667
22:41:46,1733.88,1705,9034,0,1361.7666666666667
02:24:18,12560.06,7847,5854,1,144.3
22:02:21,3793.63,8001,1457,0,1322.35
16:27:34,10849.07,6713,4809,1,987.5666666666667
06:42:09,24.43,1970,3264,0,402.15
16:42:11,787.9,1191,7047,0,1002.1833333333333
19:08:02,1305.89,8082,5025,0,1148.0333333333333
19:00:32,1449.35,3938,9086,0,1140.5333333333333
09:25:18,13997.4,5008,5653,1,565.3
08:47:44,1378.68,8502,5681,0,527.7333333333333
17:40:55,249.9,2780,5385,0,1060.9166666666667
18:21:41,88.63,6245,1388,0,1101.6833333333334
20:44:33,598.32,6612,6046,0,1244.55
11:56:35,281.7,2350,2575,0,716.5833333333334
10:52:12,6085.01,5297,8154,1,652.2
11:23:49,1295.86,3673,3174,0,683.8166666666667
03:56:50,3789.05,3728,9703,0,236.83333333333334
01:59:38,74.19,9531,4135,0,119.63333333333334
19:15:52,231.1,9221,9072,0,1155.8666666666666
01:23:34,3148.14,4166,4173,0,83.56666666666666
15:48:48,4657.66,8187,4642,0,948.8
10:05:22,1056.74,8582,8652,0,605.3666666666667
16:00:58,3452.03,3485,8855,0,960.9666666666667
05:56:05,4244.24,8147,6477,0,356.0833333333333
22:54:01,4923.26,6488,5503,0,1374.0166666666667
22:49:50,120.69,3261,8122,0,1369.8333333333333
08:01:25,2171.12,8954,8396,0,481.4166666666667
11:56:08,4660.23,8531,8490,0,716.1333333333333
11:26:07,2619.12,5648,9573,0,686.1166666666667
13:41:24,4437.76,9470,7598,0,821.4
09:27:09,4405.32,1631,6606,0,567.15
02:29:24,2945.47,3251,6402,0,149.4
16:14:26,1472.5,1144,2438,0,974.4333333333333
09:21:14,1826.13,9725,7697,0,561.2333333333333
06:57:26,38.61,6972,2347,0,417.43333333333334
20:37:05,2171.3,8449,5898,0,1237.0833333333333
06:14:30,1848.48,3177,6008,0,374.5
09:32:13,2211.7,7530,4539,0,572.2166666666667
20:20:10,7358.07,2351,8913,1,1220.1666666666667
09:25:47,1943.22,1204,5826,0,565.7833333333333
01:54:14,11939.32,3304,3221,1,114.23333333333333
20:35:45,480.54,4573,2829,0,1235.75
01:20:31,7990.93,1150,8388,1,80.51666666666667
04:43:57,6914.21,7758,7041,1,283.95
07:36:13,14248.83,6223,8637,1,456.21666666666664
08:12:39,3191.69,4780,3790,0,492.65
17:25:17,6422.59,3131,6376,1,1045.2833333333333
13:10:40,1768.97,4801,2905,0,790.6666666666666
16:06:35,3352.19,1590,3797,0,966.5833333333334
23:21:36,3146.98,4537,4268,0,1401.6
10:08:27,4629.11,2547,9863,0,608.45
20:52:02,645.07,1037,3044,0,1252.0333333333333
01:14:11,3820.59,6965,4406,0,74.18333333333334
17:42:56,3411.35,3005,8263,0,1062.9333333333334
06:56:48,3610.28,4983,7524,0,416.8
03:46:54,2160.94,2214,2442,0,226.9
09:00:14,965.38,8271,2557,0,540.2333333333333
04:37:56,10755.95,1372,6189,1,277.93333333333334
22:43:25,3916.7,4115,6360,0,1363.4166666666667
16:19:30,5323.88,3488,9612,1,979.5
19:03:48,3864.59,1037,5375,0,1143.8
04:16:18,2482.53,6868,5006,0,256.3
10:34:31,708.8,7825,3792,0,634.5166666666667
19:10:55,7927.38,4344,8198,1,1150.9166666666667
08:39:19,1253.44,4912,3686,0,519.3166666666667
17:23:45,1802.25,9090,4024,0,1043.75
04:12:18,10790.59,4231,3948,1,252.3
22:09:04,12482.43,1279,4012,1,1329.0666666666666
04:46:15,5176.51,6089,3107,1,286.25
01:03:12,2759.99,1720,3926,0,63.2
21:22:52,4789.56,6967,9302,0,1282.8666666666666
23:27:25,4042.91,6330,7349,0,1407.4166666666667
17:48:48,1234.96,6432,4044,0,1068.8
03:27:32,1392.06,4755,3014,0,207.53333333333333
18:38:26,835.06,6188,4788,0,1118.4333333333334
08:20:07,7368.18,8106,9637,1,500.1166666666667
13:47:12,1444.49,8182,2596,0,827.2
10:11:00,2398.77,6613,5401,0,611.0
15:16:12,615.74,4590,7361,0,916.2
18:31:05,367.77,3302,7385,0,1111.0833333333333
05:18:33,2088.7,7847,7580,0,318.55
21:55:47,3947.62,8857,2846,0,1315.7833333333333
07:53:18,1696.46,3206,5662,0,473.3
19:22:33,3970.91,4931,8703,0,1162.55
22:49:52,14339.5,3337,7622,1,1369.8666666666666
02:58:32,129.54,3962,4751,0,178.53333333333333
22:46:18,3972.07,4684,5540,0,1366.3
06:40:12,3293.07,1923,5123,0,400.2
20:19:14,4002.16,8539,9835,0,1219.2333333333333
03:57:39,14722.29,6386,4518,1,237.65
22:03:30,3735.49,2133,5534,0,1323.5
05:40:08,858.88,7899,5831,0,340.1333333333333
17:11:54,4940.35,1509,1999,0,1031.9
12:42:24,13511.38,6286,2031,1,762.4
11:38:07,9070.86,8831,4639,1,698.1166666666667
11:00:38,4665.18,7490,4667,0,660.6333333333333
03:27:48,826.72,9485,4276,0,207.8
04:30:39,3552.43,7978,8928,0,270.65
09:07:36,4798.91,5383,4485,0,547.6
12:47:12,4773.5,5092,2259,0,767.2
16:32:28,3155.1,9098,4833,0,992.4666666666667
17:10:05,2603.44,8157,3141,0,1030.0833333333333
09:44:18,11815.14,6413,6644,1,584.3
23:40:51,5699.67,7316,3824,1,1420.85
18:12:01,14293.51,1969,1530,1,1092.0166666666667
19:29:16,1638.77,7509,8943,0,1169.2666666666667
14:13:35,738.53,2499,5610,0,853.5833333333334
22:27:17,2435.23,6613,3102,0,1347.2833333333333
19:47:04,4849.76,4096,8458,0,1187.0666666666666
02:38:45,3139.09,7875,1415,0,158.75
22:13:41,7044.83,3913,7454,1,1333.6833333333334
16:32:16,14737.87,2448,6223,1,992.2666666666667
23:16:16,384.7,5915,3231,0,1396.2666666666667
11:56:15,7667.13,8990,6948,1,716.25
18:29:26,2235.38,2686,7574,0,1109.4333333333334
17:38:23,4200.63,3908,5478,0,1058.3833333333334
02:35:44,2477.1,6664,2530,0,155.73333333333332
22:45:49,2938.68,4933,5285,0,1365.8166666666666
09:11:11,973.52,3991,9681,0,551.1833333333333
22:56:25,3741.44,5614,1345,0,1376.4166666666667
18:30:37,1662.35,2338,7465,0,1110.6166666666666
16:57:30,483.85,7013,5794,0,1017.5
03:36:13,2573.22,6966,2471,0,216.21666666666667
11:55:48,13455.29,8890,6726,1,715.8
17:18:14,5908.14,6305,8112,1,1038.2333333333333
15:31:22,7361.63,5492,2995,1,931.3666666666667
20:55:44,4258.21,4857,5083,0,1255.7333333333333
14:21:27,13497.23,8280,5678,1,861.45
17:57:37,13852.17,5039,3418,1,1077.6166666666666
23:56:17,9443.56,9832,4746,1,1436.2833333333333
07:21:34,11344.78,4790,9869,1,441.56666666666666
21:16:15,3921.11,7721,4060,0,1276.25
14:33:56,4013.29,3528,7827,0,873.9333333333333
18:31:25,1651.45,5926,5482,0,1111.4166666666667
17:03:08,2807.29,9742,6958,0,1023.1333333333333
15:17:45,3924.6,7495,5909,0,917.75
18:19:52,9439.87,7315,1336,1,1099.8666666666666
23:03:33,2381.24,7957,8822,0,1383.55
13:14:57,9374.97,2515,9560,1,794.95
16:24:38,12857.17,2348,4005,1,984.6333333333333
04:52:03,912.28,1417,7811,0,292.05
16:33:46,4251.19,5030,2444,0,993.7666666666667
07:49:40,1433.36,9642,9835,0,469.6666666666667
07:25:25,799.18,3460,1984,0,445.4166666666667
08:42:57,1784.61,2971,6670,0,522.95
01:03:49,899.74,5341,1609,0,63.81666666666667
12:08:28,1767.82,9919,6017,0,728.4666666666667
04:44:11,8087.03,6908,6197,1,284.18333333333334
09:31:06,47.5,8386,8501,0,571.1
18:33:06,5338.94,9351,2690,1,1113.1
19:47:19,2349.7,2793,2995,0,1187.3166666666666
23:30:50,409.71,3399,6028,0,1410.8333333333333
07:13:10,3329.6,5737,7312,0,433.1666666666667
18:58:25,4794.05,6730,5915,0,1138.4166666666667
15:59:17,984.93,2438,7399,0,959.2833333333333
14:37:43,2589.59,4733,5740,0,877.7166666666667
04:44:49,4424.12,5601,8694,0,284.81666666666666
07:04:09,4364.53,6626,6744,0,424.15
20:32:57,2593.43,3178,5233,0,1232.95
05:19:23,1454.69,1042,5323,0,319.3833333333333
10:33:58,1987.46,2485,5960,0,633.9666666666667
20:02:56,4437.46,2014,3240,0,1202.9333333333334
00:52:43,4167.14,7350,3006,0,52.71666666666667
00:58:53,824.42,7514,5371,0,58.88333333333333
09:54:20,3384.16,7568,3920,0,594.3333333333334
01:27:53,13846.49,9643,1758,1,87.88333333333334
04:49:58,2100.85,2819,8226,0,289.96666666666664
04:18:54,4372.02,4020,9384,0,258.9
19:51:55,3148.09,9230,1211,0,1191.9166666666667
00:30:59,2227.62,8133,2564,0,30.983333333333334
06:37:15,1526.5,7361,3304,0,397.25
00:04:36,10912.58,9470,9576,1,4.6
12:27:27,3980.63,7802,4873,0,747.45
11:17:22,4963.73,6365,6522,0,677.3666666666667
20:42:03,156.8,9769,8238,0,1242.05
15:33:32,1266.83,5676,5646,0,933.5333333333333
22:32:38,13503.55,1433,1999,1,1352.6333333333334
23:00:57,4260.49,1722,9559,0,1380.95
08:27:47,1019.75,9697,1721,0,507.78333333333336
06:36:12,7533.89,3124,7947,1,396.2
12:34:19,1812.44,3289,4985,0,754.3166666666667
10:04:27,2736.6,1934,2600,0,604.45
02:45:22,10888.21,1520,1570,1,165.36666666666667
20:03:45,3770.26,7577,6702,0,1203.75
04:01:08,12984.11,1302,2652,1,241.13333333333333
14:17:08,1920.13,2754,3222,0,857.1333333333333
03:59:32,3031.43,3265,9694,0,239.53333333333333
11:51:16,6559.19,7286,1055,1,711.2666666666667
02:57:43,1097.76,4908,9140,0,177.71666666666667
06:43:11,3305.58,4641,4812,0,403.18333333333334
17:31:58,764.33,5803,8317,0,1051.9666666666667
14:08:24,12988.1,2983,2454,1,848.4
04:22:20,1633.91,2323,2258,0,262.3333333333333
15:44:34,7397.92,4745,6639,1,944.5666666666667
20:23:33,3204.56,1116,3914,0,1223.55
01:51:32,3009.68,2692,8677,0,111.53333333333333
13:21:44,923.23,3505,4181,0,801.7333333333333
05:43:11,6239.47,1700,9981,1,343.18333333333334
17:08:34,594.32,3982,4561,0,1028.5666666666666
19:33:04,2089.28,3673,3789,0,1173.0666666666666
13:19:40,6407.04,7003,2763,1,799.6666666666666
11:06:34,4261.11,7593,7751,0,666.5666666666667
21:05:32,8342.89,3603,4359,1,1265.5333333333333
20:06:01,10329.43,6247,5640,1,1206.0166666666667
04:51:21,10520.14,6512,8296,1,291.35
15:35:05,1599.36,5740,2750,0,935.0833333333334
12:00:03,756.1,4066,3438,0,720.05
01:47:39,6092.53,4591,9656,1,107.65
22:13:01,3597.34,7176,4102,0,1333.0166666666667
09:02:37,4752.89,9768,6711,0,542.6166666666667
19:45:13,4961.89,2195,3179,0,1185.2166666666667
13:03:17,1247.83,3539,8430,0,783.2833333333333
07:30:31,7592.14,6028,2415,1,450.51666666666665
02:52:50,1247.75,2104,1868,0,172.83333333333334
02:31:24,1839.99,7475,3496,0,151.4
16:25:00,3341.33,7691,9588,0,985.0
03:41:03,7598.76,4246,5829,1,221.05
01:10:52,1722.41,5588,9866,0,70.86666666666666
09:35:47,1733.79,3188,5938,0,575.7833333333333
01:48:35,3428.66,1912,8970,0,108.58333333333333
21:57:13,2093.23,9405,7143,0,1317.2166666666667
18:07:37,5728.38,7118,7042,1,1087.6166666666666
06:19:41,13710.11,6110,6881,1,379.68333333333334
06:03:28,4185.82,2380,6778,0,363.46666666666664
06:12:32,1606.76,2415,9095,0,372.53333333333336
10:24:27,438.72,9562,1098,0,624.45
09:56:38,2377.23,8960,7635,0,596.6333333333333
15:49:08,7633.99,3957,9164,1,949.1333333333333
01:15:23,1595.08,2051,3167,0,75.38333333333334
07:19:28,4952.63,9512,6045,0,439.46666666666664
04:43:36,103.13,5482,9381,0,283.6
20:13:16,972.62,5318,5228,0,1213.2666666666667
18:57:18,4975.95,2207,7945,0,1137.3
01:26:11,4487.05,8595,4279,0,86.18333333333334
08:54:20,980.36,3381,9968,0,534.3333333333334
20:41:49,2897.52,4079,9272,0,1241.8166666666666
09:01:05,14594.04,3980,7444,1,541.0833333333334
18:56:08,4931.21,2852,6860,0,1136.1333333333334
17:49:12,9553.67,6395,1853,1,1069.2
19:54:37,4024.34,3309,9032,0,1194.6166666666666
08:21:25,1818.56,8876,3279,0,501.4166666666667
10:38:34,1398.43,5849,6127,0,638.5666666666667
19:39:20,2837.55,7437,1686,0,1179.3333333333333
07:39:01,4063.91,5134,7192,0,459.01666666666665
04:26:16,1900.85,3708,7999,0,266.26666666666665
09:41:19,2292.87,6889,7038,0,581.3166666666667
05:54:22,956.24,8723,6975,0,354.3666666666667
15:32:43,6441.38,6156,6588,1,932.7166666666667
05:08:59,12616.39,3474,7137,1,308.98333333333335
11:26:45,6708.05,9367,4945,1,686.75
21:20:57,4446.64,8001,8705,0,1280.95
06:42:01,13879.43,4881,2762,1,402.01666666666665
05:12:27,3608.61,1681,2409,0,312.45
17:15:52,10269.48,3349,4800,1,1035.8666666666666
19:09:42,1047.36,3845,1297,0,1149.7
06:24:07,3549.85,6070,9581,0,384.1166666666667
02:31:38,3572.1,4070,5298,0,151.63333333333333
19:06:43,4819.89,9525,1023,0,1146.7166666666667
16:15:50,1760.28,2129,5141,0,975.8333333333334
01:36:41,3726.19,2766,3860,0,96.68333333333334
04:55:52,1202.54,9009,1527,0,295.8666666666667
10:47:22,414.59,6697,1715,0,647.3666666666667
08:25:10,12495.44,7976,9797,1,505.1666666666667
23:21:48,2912.1,3843,6722,0,1401.8
01:53:23,1032.77,4284,3685,0,113.38333333333334
04:07:22,89.75,7449,1707,0,247.36666666666667
03:56:33,2088.45,3401,9067,0,236.55
08:24:58,1048.33,7617,7500,0,504.96666666666664
15:19:15,11224.14,2240,6332,1,919.25
22:33:30,2785.84,9856,3289,0,1353.5
19:16:34,3138.03,9776,2509,0,1156.5666666666666
19:39:24,14111.42,2709,8384,1,1179.4
23:00:24,4620.2,3979,5042,0,1380.4
22:05:26,4503.92,6117,1089,0,1325.4333333333334
19:31:32,3885.4,7924,1261,0,1171.5333333333333
21:23:09,2120.62,6218,5985,0,1283.15
03:21:53,5656.42,3537,7723,1,201.88333333333333
11:12:34,4290.48,7543,4682,0,672.5666666666667
00:07:35,77.5,3473,5483,0,7.583333333333333
22:07:32,3662.59,5059,5378,0,1327.5333333333333
19:10:24,11762.52,1127,3384,1,1150.4
17:13:45,2275.52,5174,1554,0,1033.75
18:00:55,1568.76,4570,9032,0,1080.9166666666667
06:52:07,3605.81,4077,9109,0,412.1166666666667
02:50:47,1062.62,9456,9345,0,170.78333333333333
13:57:42,3277.01,8529,5194,0,837.7
13:32:50,1472.35,8588,9172,0,812.8333333333334
02:02:41,3503.9,5931,1697,0,122.68333333333334
00:16:01,9472.21,3767,2729,1,16.016666666666666
12:24:51,8879.58,8729,6020,1,744.85
10:00:14,1286.11,6819,7980,0,600.2333333333333
06:28:44,5491.89,9904,1675,1,388.73333333333335
20:53:15,4789.4,4952,1286,0,1253.25
20:46:02,3607.14,8608,9618,0,1246.0333333333333
19:03:13,1338.55,3297,4000,0,1143.2166666666667
12:40:03,1208.71,1757,5278,0,760.05
15:57:30,3483.18,1797,2685,0,957.5
07:46:23,13668.12,8890,3836,1,466.3833333333333
02:17:05,3195.81,3592,4214,0,137.08333333333334
15:25:42,12474.88,7638,9627,1,925.7
05:12:58,5141.29,2820,3295,1,312.96666666666664
18:57:13,895.25,4524,1143,0,1137.2166666666667
07:00:22,599.39,2659,2107,0,420.3666666666667
01:24:12,1046.32,3468,4480,0,84.2
19:50:00,1429.86,8829,2643,0,1190.0
16:46:54,1954.05,7305,9746,0,1006.9
03:09:50,14941.7,5347,9566,1,189.83333333333334
17:11:58,447.5,3924,6489,0,1031.9666666666667
18:10:05,5003.65991991349,7213,1583,1,1090.0833333333333
09:59:16,5274.818819211119,5728,7193,1,599.2666666666667
09:34:05,5737.012830812196,5090,8765,1,574.0833333333334
06:25:04,2456.118795821163,4090,6803,0,385.06666666666666
